{"color":{"r":0.7019607843137254,"b":0.9803921568627451,"g":1,"a":1},"name":"supportHighlight","category":"01-Colors","index":8}