{"index":8,"textStyle":{"fontSize":16,"lineHeight":20,"fontPostscriptName":"RobotoCondensed-Bold","color":{"r":0.5058823529411764,"b":0.5607843137254902,"g":0.5607843137254902,"a":1}},"name":"labelDisabled","category":"02-Text Styles"}