{"color":{"r":0.9607843137254902,"b":0.3098039215686275,"g":0.2117647058823529,"a":1},"name":"supportDanger","category":"01-Colors","index":14}