{"color":{"r":0.2705882352941176,"b":0.3411764705882353,"g":0.3254901960784314,"a":1},"name":"shadeDark","category":"aa-Document Colors","index":0}