{"color":{"r":0.007843137254901961,"b":0.4509803921568628,"g":0.392156862745098,"a":1},"name":"primaryDark","category":"01-Colors","index":9}