{"color":{"r":0.9803921568627451,"b":0.3333333333333333,"g":0.407843137254902,"a":1},"name":"accent","category":"Document Colors","index":10}