{"index":14,"textStyle":{"fontSize":14,"lineHeight":18,"fontPostscriptName":"RobotoCondensed-Bold","color":{"r":0.07843137254901961,"b":0.2078431372549019,"g":0.1686274509803922,"a":1}},"name":"labelSmall","category":"02-Text Styles"}