{"color":{"r":0.07843137254901961,"b":0.2078431372549019,"g":0.1686274509803922,"a":1},"name":"dark","category":"01-Colors","index":2}