{"color":{"r":0.9529411764705882,"b":0.2823529411764706,"g":0.8627450980392157,"a":1},"name":"supportWarning","category":"aa-Document Colors","index":12}