{"color":{"r":0.5058823529411764,"b":0.5607843137254902,"g":0.5607843137254902,"a":1},"name":"shadeMedium","category":"Document Colors","index":3}