{"color":{"r":0.1725490196078431,"b":0.2784313725490196,"g":0.2470588235294118,"a":1},"name":"shadeDarkPlus","category":"aa-Document Colors","index":7}