{"color":{"r":0.6666666666666666,"b":0.7019607843137254,"g":0.7019607843137254,"a":1},"name":"shadeLight","category":"aa-Document Colors","index":5}