{"color":{"r":0,"b":0.6784313725490196,"g":0.7019607843137254,"a":1},"name":"primary","category":"01-Colors","index":6}