{"index":11,"textStyle":{"fontSize":14,"lineHeight":18,"fontPostscriptName":"RobotoCondensed-Regular","color":{"r":0.2705882352941176,"b":0.3411764705882353,"g":0.3254901960784314,"a":1}},"name":"plainTxt","category":"02-Text Styles"}