{"color":{"r":0.9333333333333333,"b":0.9607843137254902,"g":0.9607843137254902,"a":1},"name":"shadeLightPlus","category":"Document Colors","index":4}