{"color":{"r":0.9019607843137255,"b":0.996078431372549,"g":1,"a":1},"name":"supportInfo","category":"aa-Document Colors","index":11}