{"color":{"r":0.7803921568627451,"b":0.1843137254901961,"g":0.2549019607843137,"a":1},"name":"accentDark","category":"Document Colors","index":13}