{"index":1,"textStyle":{"fontSize":30,"lineHeight":40,"fontPostscriptName":"RobotoCondensed-Bold","color":{"r":0.1725490196078431,"b":0.2784313725490196,"g":0.2470588235294118,"a":1}},"name":"dataTxt","category":"02-Text Styles"}