{"index":6,"textStyle":{"fontSize":16,"lineHeight":20,"fontPostscriptName":"RobotoCondensed-Bold","color":{"r":0.07843137254901961,"b":0.2078431372549019,"g":0.1686274509803922,"a":1}},"name":"label","category":"02-Text Styles"}